[
{"operand": "block", "type": "set_text_block", "data": {"bx": 0, "by": 1, "key": "|", "text": "I wonder if me is going the right way...|Maybe me should go back to the book and single-check where the genie is..|But then again, this world is 1-D, so there's only one way to go. Onwards!|Me hear there is ocean ahead. I swim as good as any anvil, so me need boat.|Also, I hear there are FARMS in this region... :(", "names": "PlayerName", "face_img_names": "trollface.png", "face_img_scales": "0.5", "order": "0|0|0|0|0", "intro": true}},
{"operand": "entity", "type": "sign", "data": {"sign_type": "text", "msg": "\nThese are\nsprings.", "key": "|", "x": 200, "y": -15, "img_scale": 2, "text_size": 20}},
{"operand": "entity", "type": "sign", "data": {"sign_type": "text", "msg": "\nThey are, uh,\nspringy.", "key": "|", "x": 320, "y": -15, "img_scale": 2, "text_size": 20}},
{"operand": "block", "type": "set_power", "data": {"bx": 13, "by": 1, "power": 35}},
{"operand": "entity", "type": "sign", "data": {"sign_type": "image", "img_name": "laughing_emoji.png", "x": 1140, "y": -15, "display_img_scale": 0.6, "img_scale": 2}},
{"operand": "block", "type": "set_block_fill", "data": {"bx": 32, "by": 1, "x1": 14, "y1": 2, "x2": 30, "y2": 2, "block_type": "#"}},
{"operand": "block", "type": "set_visible_chunk", "data": {"bx1": 14, "by1": 3, "bx2": 31, "by2": 3, "visible": false}},
{"operand": "block", "type": "set_visible", "data": {"bx": 63, "by": 1, "visible": false}},
{"operand": "entity", "type": "sign", "data": {"sign_type": "text", "msg": "\nThis part is\nsorta tricky.", "key": "|", "x": 1980, "y": -15, "img_scale": 2, "text_size": 20}},
{"operand": "entity", "type": "sign", "data": {"sign_type": "text", "msg": "\nIf you think you had\nit bad, I died 537 on\ntimes this part while\ndesigning the level.", "key": "|", "x": 2820, "y": -45, "img_scale": 3, "text_size": 20}},
{"operand": "entity", "type": "sign", "data": {"sign_type": "text", "msg": "\nTime to chill", "key": "|", "x": 3140, "y": -15, "img_scale": 2, "text_size": 20}},
{"operand": "block", "type": "set_visible_chunk", "data": {"bx1": 108, "by1": 1, "bx2": 110, "by2": 1, "visible": false}},
{"operand": "block", "type": "set_moving", "data": {"bx": 114, "by": 11, "x1": 3420, "y1": 330, "x2": 2850, "y2": 180, "speed": 2}},
{"operand": "block", "type": "set_moving", "data": {"bx": 93, "by": 10, "x1": 2790, "y1": 300, "x2": 1770, "y2": 300, "speed": 2.5}},
{"operand": "block", "type": "set_visible", "data": {"bx": 65, "by": 7, "visible": false}},
{"operand": "block", "type": "set_visible", "data": {"bx": 64, "by": 6, "visible": false}},
{"operand": "block", "type": "set_visible", "data": {"bx": 66, "by": 6, "visible": false}},
{"operand": "block", "type": "set_visible", "data": {"bx": 65, "by": 5, "visible": false}},
{"operand": "block", "type": "set_moving", "data": {"bx": 65, "by": 6, "x1": 1950, "y1": 180, "x2": 2340, "y2": 270, "speed": 1.5}},
{"operand": "block", "type": "set_moving", "data": {"bx": 65, "by": 7, "x1": 1950, "y1": 210, "x2": 2340, "y2": 300, "speed": 1.5}},
{"operand": "block", "type": "set_moving", "data": {"bx": 64, "by": 6, "x1": 1920, "y1": 180, "x2": 2310, "y2": 270, "speed": 1.5}},
{"operand": "block", "type": "set_moving", "data": {"bx": 66, "by": 6, "x1": 1980, "y1": 180, "x2": 2370, "y2": 270, "speed": 1.5}},
{"operand": "block", "type": "set_moving", "data": {"bx": 65, "by": 5, "x1": 1950, "y1": 150, "x2": 2340, "y2": 240, "speed": 1.5}},
{"operand": "block", "type": "set_visible_chunk", "data": {"bx1": 32, "by1": 3, "bx2": 32, "by2": 9, "visible": false}},
{"operand": "enemy", "type": "happy_face", "data": {"x": 240, "y": 245, "bounce": 0, "rotation_scale": 1, "scale": 5, "id": 1}},
{"operand": "enemy", "type": "set_visible", "data": {"id": 1, "visible": false}},
{"operand": "block", "type": "set_enemy_command_block", "data": {"bx": 42, "by": 11, "command": {"type": "set_visible", "data": {"id": 1, "visible": true}}}},
{"operand": "block", "type": "set_block_fill", "data": {"bx": 6, "by": 11, "x1": 9, "y1": 12, "x2": 15, "y2": 12, "block_type": ""}},
{"operand": "block", "type": "set_visible", "data": {"bx": 6, "by": 11, "visible": true}},
{"operand": "block", "type": "set_power", "data": {"bx": 9, "by": 30, "power": 200}},
{"operand": "block", "type": "set_power", "data": {"bx": 10, "by": 30, "power": 200}},
{"operand": "block", "type": "set_power", "data": {"bx": 11, "by": 30, "power": 200}},
{"operand": "block", "type": "set_power", "data": {"bx": 12, "by": 30, "power": 200}},
{"operand": "block", "type": "set_power", "data": {"bx": 13, "by": 30, "power": 200}},
{"operand": "block", "type": "set_power", "data": {"bx": 14, "by": 30, "power": 200}},
{"operand": "block", "type": "set_power", "data": {"bx": 15, "by": 30, "power": 200}},
{"operand": "block", "type": "set_power", "data": {"bx": 16, "by": 30, "power": 200}},
{"operand": "block", "type": "set_power", "data": {"bx": 17, "by": 30, "power": 200}},
{"operand": "block", "type": "set_power", "data": {"bx": 18, "by": 30, "power": 200}},
{"operand": "block", "type": "set_block_fill", "data": {"bx": 6, "by": 21, "x1": 9, "y1": 12, "x2": 15, "y2": 12, "block_type": "@"}},
{"operand": "block", "type": "set_visible", "data": {"bx": 6, "by": 21, "visible": true}},
{"operand": "block", "type": "set_enemy_spawn", "data": {"bx": 35, "by": 20, "enemies": [{"type": "2", "x": 1950, "y": 650}]}},
{"operand": "block", "type": "set_block_fill", "data": {"bx": 110, "by": 20, "x1": 105, "y1": 15, "x2": 105, "y2": 25, "x_size": 30, "y_size": 300, "block_type": "$"}},
{"operand": "block", "type": "set_enemy_spawn", "data": {"bx": 111, "by": 20, "x_size": 30, "y_size": 300, "enemies": [{"type": "2", "x": 4000, "y": 600}, {"type": "2", "x": 4100, "y": 600}, {"type": "2", "x": 4200, "y": 600}, {"type": "2", "x": 4300, "y": 600}]}}
]