[
{"operand": "block", "type": "set_text_block", "data": {"bx": 0, "by": 1, "key": "|", "text": "Wow, I found a random book. Probably place here by the developer|*Crackling of old pages*\nTHERE WAS ONCE A GENIE WHO GIVE WISH|Me has wish|Me fiend genie.", "names": "PlayerName|Old Mysterious Book", "face_img_names": "trollface.png|old_book.png", "face_img_scales": "0.5|0.5", "order": "0|1|0|0", "intro": true}},
{"operand": "entity", "type": "sign", "data": {"sign_type": "text", "msg": "\nMove using\nDASW", "key": "|", "x": 100, "y": -15, "img_scale": 2, "text_size": 20}},
{"operand": "entity", "type": "sign", "data": {"sign_type": "text", "msg": "\nGood job!\nNow you have to\nkill yourself ;)", "key": "|", "x": -200, "y": 460, "img_scale": 3, "text_size": 20}},
{"operand": "entity", "type": "sign", "data": {"sign_type": "text", "msg": "\nHoles are bad.\nTry to not fall in.", "key": "|", "x": 400, "y": -15, "img_scale": 2, "text_size": 20}},
{"operand": "entity", "type": "sign", "data": {"sign_type": "text", "msg": "\nIf you failed that\non you first try\nyou should try a\ndifferent game.", "key": "|", "x": 700, "y": -45, "img_scale": 3, "text_size": 20}},
{"operand": "enemy", "type": "happy_face", "data": {"x": 2670, "y": -150, "bounce": 1, "rotation_scale": 1, "scale": 1}},
{"operand": "entity", "type": "sign", "data": {"sign_type": "text", "msg": "\nSpikes tend\nto kill you", "key": "|", "x": 4470, "y": 345, "img_scale": 2, "text_size": 20}},
{"operand": "entity", "type": "sign", "data": {"sign_type": "text", "msg": "\nThink. Or at\nleast try to.", "key": "|", "x": 5250, "y": 105, "img_scale": 2, "text_size": 20}},
{"operand": "entity", "type": "sign", "data": {"sign_type": "text", "msg": "\nThe arrows are\npurely cosmetic\n;)", "key": "|", "x": 5730, "y": 105, "img_scale": 2, "text_size": 18}},
{"operand": "entity", "type": "sign", "data": {"sign_type": "text", "msg": "\nLook at those\nflowers :D", "key": "|", "x": 6870, "y": -105, "img_scale": 2, "text_size": 20}},
{"operand": "entity", "type": "sign", "data": {"sign_type": "text", "msg": "\nCombustion\nchamber", "key": "|", "x": 7710, "y": 15, "img_scale": 2, "text_size": 20}},
{"operand": "entity", "type": "sign", "data": {"sign_type": "text", "msg": "\nWasn't that fun?", "key": "|", "x": 8340, "y": 15, "img_scale": 2, "text_size": 20}},
{"operand": "block", "type": "set_moving", "data": {"bx": 291, "by": 2, "x1": 8730, "y1": 60, "x2": 8730, "y2": -60, "speed": 2}},
{"operand": "block", "type": "set_shooting_speed", "data": {"bx": 291, "by": 2, "speed": 20}},
{"operand": "entity", "type": "sign", "data": {"sign_type": "text", "msg": "\nYou made\nit!", "key": "|", "x": 9960, "y": 105, "img_scale": 2, "text_size": 20}},
{"operand": "block", "type": "set_moving", "data": {"bx": 362, "by": 10, "x1": 10860, "y1": 300, "x2": 10860, "y2": 420, "speed": 2}},
{"operand": "block", "type": "set_moving", "data": {"bx": 362, "by": 6, "x1": 10860, "y1": 180, "x2": 10860, "y2": 300, "speed": 2}},
{"operand": "block", "type": "set_moving", "data": {"bx": 362, "by": 2, "x1": 10860, "y1": 60, "x2": 10860, "y2": 180, "speed": 2}},
{"operand": "block", "type": "set_moving", "data": {"bx": 362, "by": -2, "x1": 10860, "y1": -60, "x2": 10860, "y2": 60, "speed": 2}},
{"operand": "block", "type": "set_moving", "data": {"bx": 363, "by": -3, "x1": 10890, "y1": -90, "x2": 11070, "y2": -90, "speed": 2}},
{"operand": "block", "type": "set_moving", "data": {"bx": 369, "by": -3, "x1": 11070, "y1": -90, "x2": 11250, "y2": -90, "speed": 2}},
{"operand": "block", "type": "set_moving", "data": {"bx": 375, "by": -3, "x1": 11250, "y1": -90, "x2": 11430, "y2": -90, "speed": 2}},
{"operand": "block", "type": "set_moving", "data": {"bx": 365, "by": 6, "x1": 10950, "y1": 60, "x2": 10950, "y2": 300, "speed": 2}},
{"operand": "block", "type": "set_moving", "data": {"bx": 366, "by": 6, "x1": 10980, "y1": 60, "x2": 10980, "y2": 300, "speed": 2}},
{"operand": "block", "type": "set_moving", "data": {"bx": 367, "by": 6, "x1": 11010, "y1": 60, "x2": 11010, "y2": 300, "speed": 2}},
{"operand": "block", "type": "set_moving", "data": {"bx": 371, "by": 6, "x1": 11130, "y1": 60, "x2": 11130, "y2": 300, "speed": 1.5}},
{"operand": "block", "type": "set_moving", "data": {"bx": 372, "by": 6, "x1": 11160, "y1": 60, "x2": 11160, "y2": 300, "speed": 1.5}},
{"operand": "block", "type": "set_moving", "data": {"bx": 373, "by": 6, "x1": 11190, "y1": 60, "x2": 11190, "y2": 300, "speed": 1.5}},
{"operand": "block", "type": "set_moving", "data": {"bx": 377, "by": 6, "x1": 11310, "y1": 60, "x2": 11310, "y2": 300, "speed": 3}},
{"operand": "block", "type": "set_moving", "data": {"bx": 378, "by": 6, "x1": 11340, "y1": 60, "x2": 11340, "y2": 300, "speed": 3}},
{"operand": "block", "type": "set_moving", "data": {"bx": 369, "by": 2, "x1": 11070, "y1": 60, "x2": 11070, "y2": 300, "speed": 2}},
{"operand": "block", "type": "set_moving", "data": {"bx": 368, "by": 2, "x1": 11040, "y1": 60, "x2": 11040, "y2": 300, "speed": 2}},
{"operand": "block", "type": "set_moving", "data": {"bx": 370, "by": 2, "x1": 11100, "y1": 60, "x2": 11100, "y2": 300, "speed": 2}},
{"operand": "block", "type": "set_moving", "data": {"bx": 369, "by": 1, "x1": 11070, "y1": 30, "x2": 11070, "y2": 270, "speed": 2}},
{"operand": "block", "type": "set_moving", "data": {"bx": 369, "by": 3, "x1": 11070, "y1": 90, "x2": 11070, "y2": 330, "speed": 2}},
{"operand": "block", "type": "set_moving", "data": {"bx": 375, "by": 2, "x1": 11250, "y1": 60, "x2": 11250, "y2": 300, "speed": 1.5}},
{"operand": "block", "type": "set_moving", "data": {"bx": 374, "by": 2, "x1": 11220, "y1": 60, "x2": 11220, "y2": 300, "speed": 1.5}},
{"operand": "block", "type": "set_moving", "data": {"bx": 376, "by": 2, "x1": 11280, "y1": 60, "x2": 11280, "y2": 300, "speed": 1.5}},
{"operand": "block", "type": "set_moving", "data": {"bx": 375, "by": 1, "x1": 11250, "y1": 30, "x2": 11250, "y2": 270, "speed": 1.5}},
{"operand": "block", "type": "set_moving", "data": {"bx": 375, "by": 3, "x1": 11250, "y1": 90, "x2": 11250, "y2": 330, "speed": 1.5}},
{"operand": "entity", "type": "sign", "data": {"sign_type": "text", "msg": "\nWasn't that\nfun?! ;)", "key": "|", "x": 11580, "y": 105, "img_scale": 2, "text_size": 20}}
]