[
{"operand": "block", "type": "set_text_block", "data": {"bx": 0, "by": 1, "key": "|", "text": "What are you...?|I'm a guy with a boat conveniently placed here by the developer.|Thing is, I'm all outta fuel. We'll need some peTROLLium to cross the chasm. Go get some?", "names": "PlayerName|Serious Looking Troll", "face_img_names": "trollface.png|trollface_tophat.png", "face_img_scales": "0.5|0.5", "order": "0|1|1", "intro": true}},
{"operand": "entity", "type": "sign", "data": {"sign_type": "text", "msg": "\nThis way\nV|\nThis way\n(to death)", "key": "|", "x": -330, "y": -15, "img_scale": 2, "text_size": 20, "id": 1}},
{"operand": "block", "type": "set_sign_trigger", "data": {"bx": -3, "by": -1, "x_size": 30, "y_size": 150, "sign_id": 1}},
{"operand": "block", "type": "set_shooting_speed", "data": {"bx": -11, "by": 5, "speed": 40}},
{"operand": "block", "type": "set_visible", "data": {"bx": -13, "by": 11, "visible": false}},
{"operand": "block", "type": "set_visible", "data": {"bx": -14, "by": 12, "visible": false}},
{"operand": "block", "type": "set_moving", "data": {"bx": -1, "by": 35, "x1": -30, "y1": 930, "x2": -30, "y2": 1170, "speed": 2}},
{"operand": "block", "type": "set_visible_chunk", "data": {"bx1": 27, "by1": 57, "bx2": 29, "by2": 57, "visible": false}},
{"operand": "block", "type": "set_shooting_speed", "data": {"bx": 61, "by": 81, "speed": 10}},
{"operand": "bullet", "type": "anvil", "data": {"x": 2280, "y": 1180, "img_scale": 5}},
{"operand": "_entity", "type": "sign", "data": {"sign_type": "text", "msg": "\nI feel like\nI owe you a\ncheckpoint", "key": "|", "x": 2400, "y": 2415, "img_scale": 3, "text_size": 20}},
{"operand": "entity", "type": "sign", "data": {"sign_type": "text", "msg": "\nI feel like I owe you\na checkpoint. And\nmaybe an apology.", "key": "|", "x": 2400, "y": 2415, "img_scale": 3, "text_size": 20}},
{"operand": "entity", "type": "running_checkpoint", "data": {"x": 2520, "y": 2505, "dist": 360}},
{"operand": "entity", "type": "sign", "data": {"sign_type": "text", "msg": "There was once a beautiful tree,\nWhich at times was subject to fits,\nAnd for only a very small fee,\nIt would show strangers its t**s.", "key": "|", "x": 5130, "y": 2355, "img_scale": 5, "text_size": 23}},
{"operand": "block", "type": "set_visible", "data": {"bx": 206, "by": 77, "visible": false}},
{"operand": "block", "type": "set_visible", "data": {"bx": 207, "by": 77, "visible": false}},
{"operand": "block", "type": "set_visible", "data": {"bx": 208, "by": 77, "visible": false}},
{"operand": "entity", "type": "sign", "data": {"sign_type": "image", "img_name": "laughing_emoji.png", "x": 4260, "y": 3105, "display_img_scale": 0.6, "img_scale": 2}},
{"operand": "block", "type": "set_visible", "data": {"bx": 195, "by": 103, "visible": false}},
{"operand": "block", "type": "set_visible", "data": {"bx": 198, "by": 106, "visible": false}},
{"operand": "block", "type": "set_visible", "data": {"bx": 255, "by": 119, "visible": false}},
{"operand": "block", "type": "set_visible_chunk", "data": {"bx1": 263, "by1": 127, "bx2": 263, "by2": 133, "visible": false}},
{"operand": "block", "type": "set_visible_chunk", "data": {"bx1": 240, "by1": 131, "bx2": 251, "by2": 131, "visible": false}},
{"operand": "block", "type": "set_visible_chunk", "data": {"bx1": 241, "by1": 143, "bx2": 247, "by2": 143, "visible": false}},
{"operand": "block", "type": "set_visible_chunk", "data": {"bx1": 253, "by1": 144, "bx2": 273, "by2": 144, "visible": false}},
{"operand": "block", "type": "set_place_barrel_block", "data": {"bx": 0, "by": 0, "bw": 300, "bh": 30, "pbx": 2, "pby": 1}},
{"operand": "entity", "type": "portal", "data": {"x1": 8640, "y1": 4590, "x2": 0, "y2": -510}},
{"operand": "block", "type": "set_text_block", "data": {"bx": 0, "by": -17, "key": "|", "text": "So, did you find the peTROLLium?|You know, that wasn't funny the first time and that really didn't change.|And yes, here it is.|Wtf dude that's a cactus!_cactus|What the...?|Well, good thing this majestic being of a ship has a sail. Away!|Let's go!_teleport", "names": "PlayerName|Serious Looking Troll", "face_img_names": "trollface.png|trollface_tophat.png", "face_img_scales": "0.5|0.5", "order": "1|0|0|1|0|1|1"}},
{"operand": "entity", "type": "portal", "data": {"x1": 8040, "y1": 4590, "x2": -720, "y2": 5010}},
{"operand": "block", "type": "set_enemy_spawn", "data": {"bx": -24, "by": 167, "enemies": [{"type": "2", "x": -950, "y": 5250}, {"type": "2", "x": -925, "y": 5250}, {"type": "2", "x": -900, "y": 5250}, {"type": "2", "x": -875, "y": 5250}, {"type": "2", "x": -625, "y": 5250}, {"type": "2", "x": -600, "y": 5250}, {"type": "2", "x": -575, "y": 5250}, {"type": "2", "x": -550, "y": 5250}]}}
]